metric,train,test
rmse,0.42003607619122785,0.42763618968573847
mae,0.23147093819317097,0.23554835518796252
r2,0.10189219349703105,0.09681839304078621
