metric,train,test
rmse,0.4200664342107184,0.4275347874261143
mae,0.23150957925665866,0.23550181735907322
r2,0.10176236769816349,0.09724667202934556
